epoch,generator-adversarial-loss,perceptual-or-l1-loss,generator-loss-total,discriminator-loss,mae,epsilon,psnr
1.000000000000000000e+00,9.114555120468139648e-01,6.229127120971679688e+01,6.320272827148437500e+01,8.667351007461547852e-01,1.588427448272705078e+02,0.000000000000000000e+00,2.173237744367224611e+00
2.000000000000000000e+00,8.963975906372070312e-01,5.132374572753906250e+01,5.222014236450195312e+01,1.134103298187255859e+00,1.308755564689636230e+02,9.765625000000000000e-04,3.798682441248856012e+00
