epoch,generator-adversarial-loss,perceptual-or-l1-loss,generator-loss-total,discriminator-loss,mae,epsilon,psnr
1.000000000000000000e+00,1.188094854354858398e+00,4.744612312316894531e+01,4.863421821594238281e+01,9.526289701461791992e-01,1.209876155853271484e+02,1.302083333333333261e-03,4.609001207915894405e+00
